model,image_url
500e Convertible,https://ev-database.org//img/auto/Abarth_500e_Convertible/Abarth_500e_Convertible-01-thumb.jpg
500e Hatchback,https://ev-database.org//img/auto/Abarth_500e_Hatchback/Abarth_500e_Hatchback-01-thumb.jpg
600e Scorpionissima,https://ev-database.org//img/auto/Abarth_600e_Scorpionissima/Abarth_600e_Scorpionissima-01-thumb.jpg
600e Turismo,https://ev-database.org//img/auto/Abarth_600e/Abarth_600e-01-thumb.jpg
U5,https://ev-database.org//img/auto/Aiways_U5/Aiways_U5-01-thumb.jpg
U6,https://ev-database.org//img/auto/Aiways_U6/Aiways_U6-01-thumb.jpg
A290 Electric 180 hp,https://ev-database.org//img/auto/Alpine_A290_2024/Alpine_A290_2024-01-thumb.jpg
A290 Electric 220 hp,https://ev-database.org//img/auto/Alpine_A290_2024/Alpine_A290_2024-01-thumb.jpg
A6 Avant e-tron,https://ev-database.org//img/auto/Audi_A6_Avant_etron_2024/Audi_A6_Avant_etron_2024-01-thumb.jpg
A6 Avant e-tron performance,https://ev-database.org//img/auto/Audi_A6_Avant_etron_2024/Audi_A6_Avant_etron_2024-01-thumb.jpg
A6 Avant e-tron quattro,https://ev-database.org//img/auto/Audi_A6_Avant_etron_2024/Audi_A6_Avant_etron_2024-01-thumb.jpg
A6 Sportback e-tron,https://ev-database.org//img/auto/Audi_A6_Sportback_etron_2024/Audi_A6_Sportback_etron_2024-01-thumb.jpg
A6 Sportback e-tron performance,https://ev-database.org//img/auto/Audi_A6_Sportback_etron_2024/Audi_A6_Sportback_etron_2024-01-thumb.jpg
A6 Sportback e-tron quattro,https://ev-database.org//img/auto/Audi_A6_Sportback_etron_2024/Audi_A6_Sportback_etron_2024-01-thumb.jpg
e-tron GT quattro,https://ev-database.org//img/auto/Audi_e-tron_GT_quattro/Audi_e-tron_GT_quattro-01-thumb.jpg
e-tron GT RS performance,https://ev-database.org//img/auto/Audi_e-tron_GT_RS_Performance_2025/Audi_e-tron_GT_RS_Performance_2025-01-thumb.jpg
e-tron GT RS,https://ev-database.org//img/auto/Audi_e-tron_GT_RS/Audi_e-tron_GT_RS-01-thumb.jpg
e-tron GT S,https://ev-database.org//img/auto/Audi_e-tron_GT_S_2025/Audi_e-tron_GT_S_2025-01-thumb.jpg
Q4 e-tron 40,https://ev-database.org//img/auto/Audi_Q4_e-tron_2021/Audi_Q4_e-tron_2021-01-thumb.jpg
Q4 e-tron 45,https://ev-database.org//img/auto/Audi_Q4_e-tron_2021/Audi_Q4_e-tron_2021-01-thumb.jpg
Q4 e-tron 45 quattro,https://ev-database.org//img/auto/Audi_Q4_e-tron_2021/Audi_Q4_e-tron_2021-01-thumb.jpg
Q4 e-tron 55 quattro,https://ev-database.org//img/auto/Audi_Q4_e-tron_2021/Audi_Q4_e-tron_2021-01-thumb.jpg
Q4 Sportback e-tron 40,https://ev-database.org//img/auto/Audi_Q4_e-tron_Sportback_2021/Audi_Q4_e-tron_Sportback_2021-01-thumb.jpg
Q4 Sportback e-tron 45,https://ev-database.org//img/auto/Audi_Q4_e-tron_Sportback_2021/Audi_Q4_e-tron_Sportback_2021-01-thumb.jpg
Q4 Sportback e-tron 45 quattro,https://ev-database.org//img/auto/Audi_Q4_e-tron_Sportback_2021/Audi_Q4_e-tron_Sportback_2021-01-thumb.jpg
Q4 Sportback e-tron 55 quattro,https://ev-database.org//img/auto/Audi_Q4_e-tron_Sportback_2021/Audi_Q4_e-tron_Sportback_2021-01-thumb.jpg
Q6 e-tron,https://ev-database.org//img/auto/Audi_Q6_etron_2024/Audi_Q6_etron_2024-01-thumb.jpg
Q6 e-tron performance,https://ev-database.org//img/auto/Audi_Q6_etron_2024/Audi_Q6_etron_2024-01-thumb.jpg
Q6 e-tron quattro,https://ev-database.org//img/auto/Audi_Q6_etron_2024/Audi_Q6_etron_2024-01-thumb.jpg
Q6 e-tron Sportback,https://ev-database.org//img/auto/Audi_Q6_etron_Sportback_2024/Audi_Q6_etron_Sportback_2024-01-thumb.jpg
Q6 e-tron Sportback performance,https://ev-database.org//img/auto/Audi_Q6_etron_Sportback_2024/Audi_Q6_etron_Sportback_2024-01-thumb.jpg
Q6 e-tron Sportback quattro,https://ev-database.org//img/auto/Audi_Q6_etron_Sportback_2024/Audi_Q6_etron_Sportback_2024-01-thumb.jpg
S6 Avant e-tron,https://ev-database.org//img/auto/Audi_S6_Avant_etron_2024/Audi_S6_Avant_etron_2024-01-thumb.jpg
S6 Sportback e-tron,https://ev-database.org//img/auto/Audi_S6_Sportback_etron_2024/Audi_S6_Sportback_etron_2024-01-thumb.jpg
SQ6 e-tron,https://ev-database.org//img/auto/Audi_SQ6_etron_2024/Audi_SQ6_etron_2024-01-thumb.jpg
SQ6 e-tron Sportback,https://ev-database.org//img/auto/Audi_SQ6_etron_Sportback_2024/Audi_SQ6_etron_Sportback_2024-01-thumb.jpg
i4 eDrive35,https://ev-database.org//img/auto/BMW_i4_2024/BMW_i4_2024-01-thumb.jpg
i4 xDrive40,https://ev-database.org//img/auto/BMW_i4_2024/BMW_i4_2024-01-thumb.jpg
i4 eDrive40,https://ev-database.org//img/auto/BMW_i4_eDrive40/BMW_i4_eDrive40-01-thumb.jpg
i4 M50,https://ev-database.org//img/auto/BMW_i4_M50/BMW_i4_M50-01-thumb.jpg
i7 eDrive50,https://ev-database.org//img/auto/BMW_i7_2022/BMW_i7_2022-01-thumb.jpg
i7 xDrive60,https://ev-database.org//img/auto/BMW_i7_2022/BMW_i7_2022-01-thumb.jpg
i7 M70 xDrive,https://ev-database.org//img/auto/BMW_i7_M70_2023/BMW_i7_M70_2023-01-thumb.jpg
iX xDrive45,https://ev-database.org//img/auto/BMW_iX_2025/BMW_iX_2025-01-thumb.jpg
iX xDrive60,https://ev-database.org//img/auto/BMW_iX_2025/BMW_iX_2025-01-thumb.jpg
iX M70 xDrive,https://ev-database.org//img/auto/BMW_iX_M70_2025/BMW_iX_M70_2025-01-thumb.jpg
iX1 eDrive20,https://ev-database.org//img/auto/BMW_iX1_2022/BMW_iX1_2022-01-thumb.jpg
iX1 xDrive30,https://ev-database.org//img/auto/BMW_iX1_2022/BMW_iX1_2022-01-thumb.jpg
iX2 eDrive20,https://ev-database.org//img/auto/BMW_iX2_2024/BMW_iX2_2024-01-thumb.jpg
iX2 xDrive30,https://ev-database.org//img/auto/BMW_iX2_2024/BMW_iX2_2024-01-thumb.jpg
ATTO 2,https://ev-database.org//img/auto/BYD_ATTO_2/BYD_ATTO_2-01-thumb.jpg
DOLPHIN SURF 30 kWh Active,https://ev-database.org//img/auto/BYD_DOLPHIN_SURF/BYD_DOLPHIN_SURF-01-thumb.jpg
DOLPHIN SURF 43.2 kWh Boost,https://ev-database.org//img/auto/BYD_DOLPHIN_SURF/BYD_DOLPHIN_SURF-01-thumb.jpg
DOLPHIN SURF 43.2 kWh Comfort,https://ev-database.org//img/auto/BYD_DOLPHIN_SURF/BYD_DOLPHIN_SURF-01-thumb.jpg
DOLPHIN 44.9 kWh Active,https://ev-database.org//img/auto/BYD_DOLPHIN/BYD_DOLPHIN-01-thumb.jpg
DOLPHIN 44.9 kWh Boost,https://ev-database.org//img/auto/BYD_DOLPHIN/BYD_DOLPHIN-01-thumb.jpg
DOLPHIN 60.4 kWh,https://ev-database.org//img/auto/BYD_DOLPHIN/BYD_DOLPHIN-01-thumb.jpg
SEAL U 71.8 kWh Comfort,https://ev-database.org//img/auto/BYD_SEAL_U/BYD_SEAL_U-01-thumb.jpg
SEAL U 87 kWh Design,https://ev-database.org//img/auto/BYD_SEAL_U/BYD_SEAL_U-01-thumb.jpg
SEAL 61.4 kWh RWD Comfort,https://ev-database.org//img/auto/BYD_SEAL/BYD_SEAL-01-thumb.jpg
SEAL 82.5 kWh AWD Excellence,https://ev-database.org//img/auto/BYD_SEAL/BYD_SEAL-01-thumb.jpg
SEAL 82.5 kWh RWD Design,https://ev-database.org//img/auto/BYD_SEAL/BYD_SEAL-01-thumb.jpg
SEALION 7 82.5 kWh AWD Design,https://ev-database.org//img/auto/BYD_SEALION_7/BYD_SEALION_7-01-thumb.jpg
SEALION 7 82.5 kWh RWD Comfort,https://ev-database.org//img/auto/BYD_SEALION_7/BYD_SEALION_7-01-thumb.jpg
SEALION 7 91.3 kWh AWD Excellence,https://ev-database.org//img/auto/BYD_SEALION_7/BYD_SEALION_7-01-thumb.jpg
TANG Flagship,https://ev-database.org//img/auto/BYD_TANG_2024/BYD_TANG_2024-01-thumb.jpg
Lyriq 600 E4,https://ev-database.org//img/auto/Cadillac_Lyriq/Cadillac_Lyriq-01-thumb.jpg
e-Berlingo XL 50 kWh,https://ev-database.org//img/auto/Citroen_e-Berlingo-2024/Citroen_e-Berlingo-2024-01-thumb.jpg
e-Berlingo M 50 kWh,https://ev-database.org//img/auto/Citroen_e-Berlingo/Citroen_e-Berlingo-01-thumb.jpg
e-C3 Aircross,https://ev-database.org//img/auto/Citroen_e-C3_Aircross/Citroen_e-C3_Aircross-01-thumb.jpg
e-C3,https://ev-database.org//img/auto/Citroen_e-C3/Citroen_e-C3-01-thumb.jpg
e-C4 54 kWh,https://ev-database.org//img/auto/Citroen_e-C4_2024/Citroen_e-C4_2024-01-thumb.jpg
e-C4 X 54 kWh,https://ev-database.org//img/auto/Citroen_e-C4_X_2024/Citroen_e-C4_X_2024-01-thumb.jpg
e-C4 X,https://ev-database.org//img/auto/Citroen_e-C4_X/Citroen_e-C4_X-01-thumb.jpg
e-C4,https://ev-database.org//img/auto/Citroen_e-C4/Citroen_e-C4-01-thumb.jpg
e-SpaceTourer M 75 kWh,https://ev-database.org//img/auto/Citroen_e-SpaceTourer_2024/Citroen_e-SpaceTourer_2024-01-thumb.jpg
e-SpaceTourer XL 50 kWh,https://ev-database.org//img/auto/Citroen_e-SpaceTourer_2024/Citroen_e-SpaceTourer_2024-01-thumb.jpg
e-SpaceTourer XL 75 kWh,https://ev-database.org//img/auto/Citroen_e-SpaceTourer_2024/Citroen_e-SpaceTourer_2024-01-thumb.jpg
e-SpaceTourer M 50 kWh,https://ev-database.org//img/auto/Citroen_e-SpaceTourer/Citroen_e-SpaceTourer-01-thumb.jpg
Born VZ,https://ev-database.org//img/auto/Cupra_el-Born_Veloz/Cupra_el-Born_Veloz-01-thumb.jpg
Born 170 kW - 59 kWh,https://ev-database.org//img/auto/Cupra_el-Born/Cupra_el-Born-01-thumb.jpg
Born 170 kW - 77 kWh,https://ev-database.org//img/auto/Cupra_el-Born/Cupra_el-Born-01-thumb.jpg
Tavascan Endurance,https://ev-database.org//img/auto/CUPRA_Tavascan_2024/CUPRA_Tavascan_2024-01-thumb.jpg
Tavascan VZ,https://ev-database.org//img/auto/CUPRA_Tavascan_2024/CUPRA_Tavascan_2024-01-thumb.jpg
Spring Electric 45,https://ev-database.org//img/auto/Dacia_Spring_Electric_2024/Dacia_Spring_Electric_2024-01-thumb.jpg
Spring Electric 65,https://ev-database.org//img/auto/Dacia_Spring_Electric_2024/Dacia_Spring_Electric_2024-01-thumb.jpg
Box 31.4 kWh,https://ev-database.org//img/auto/Dongfeng_Box/Dongfeng_Box-01-thumb.jpg
Box 42.3 kWh,https://ev-database.org//img/auto/Dongfeng_Box/Dongfeng_Box-01-thumb.jpg
3 E-Tense,https://ev-database.org//img/auto/DS_3_2023/DS_3_2023-01-thumb.jpg
BEO 86 kWh,https://ev-database.org//img/auto/Elaris_BEO_2023/Elaris_BEO_2023-01-thumb.jpg
500e 3+1 24 kWh,https://ev-database.org//img/auto/Fiat_500e_3plus1_2020/Fiat_500e_3plus1_2020-01-thumb.jpg
500e 3+1 42 kWh,https://ev-database.org//img/auto/Fiat_500e_3plus1_2020/Fiat_500e_3plus1_2020-01-thumb.jpg
500e Cabrio 24 kWh,https://ev-database.org//img/auto/Fiat_500e_Convertible_2020/Fiat_500e_Convertible_2020-01-thumb.jpg
500e Cabrio 42 kWh,https://ev-database.org//img/auto/Fiat_500e_Convertible_2020/Fiat_500e_Convertible_2020-01-thumb.jpg
500e Hatchback 24 kWh,https://ev-database.org//img/auto/Fiat_500e_Hatchback_2020/Fiat_500e_Hatchback_2020-01-thumb.jpg
500e Hatchback 42 kWh,https://ev-database.org//img/auto/Fiat_500e_Hatchback_2020/Fiat_500e_Hatchback_2020-01-thumb.jpg
600e,https://ev-database.org//img/auto/Fiat_600e/Fiat_600e-01-thumb.jpg
Grande Panda,https://ev-database.org//img/auto/Fiat_Grande_Panda_2024/Fiat_Grande_Panda_2024-01-thumb.jpg
Capri Extended Range AWD,https://ev-database.org//img/auto/Ford_Capri_2024/Ford_Capri_2024-01-thumb.jpg
Capri Extended Range RWD,https://ev-database.org//img/auto/Ford_Capri_2024/Ford_Capri_2024-01-thumb.jpg
Capri Standard Range RWD,https://ev-database.org//img/auto/Ford_Capri_2024/Ford_Capri_2024-01-thumb.jpg
e-Tourneo Courier,https://ev-database.org//img/auto/Ford_eTourneo_Courier_2024/Ford_eTourneo_Courier_2024-01-thumb.jpg
e-Tourneo Custom L1 160 kW,https://ev-database.org//img/auto/Ford_eTourneo_Custom_2024/Ford_eTourneo_Custom_2024-01-thumb.jpg
e-Tourneo Custom L1 210 kW,https://ev-database.org//img/auto/Ford_eTourneo_Custom_2024/Ford_eTourneo_Custom_2024-01-thumb.jpg
e-Tourneo Custom L2 160 kW,https://ev-database.org//img/auto/Ford_eTourneo_Custom_2024/Ford_eTourneo_Custom_2024-01-thumb.jpg
e-Tourneo Custom L2 210 kW,https://ev-database.org//img/auto/Ford_eTourneo_Custom_2024/Ford_eTourneo_Custom_2024-01-thumb.jpg
Explorer Extended Range AWD,https://ev-database.org//img/auto/Ford_Explorer_2024/Ford_Explorer_2024-01-thumb.jpg
Explorer Extended Range RWD,https://ev-database.org//img/auto/Ford_Explorer_2024/Ford_Explorer_2024-01-thumb.jpg
Explorer Standard Range RWD,https://ev-database.org//img/auto/Ford_Explorer_2024/Ford_Explorer_2024-01-thumb.jpg
Puma Gen-E,https://ev-database.org//img/auto/Ford_Puma_Gen-E/Ford_Puma_Gen-E-01-thumb.jpg
G80 Electrified Luxury,https://ev-database.org//img/auto/Genesis_G80/Genesis_G80-01-thumb.jpg
GV60 Premium,https://ev-database.org//img/auto/Genesis_GV60/Genesis_GV60-01-thumb.jpg
GV60 Sport,https://ev-database.org//img/auto/Genesis_GV60/Genesis_GV60-01-thumb.jpg
GV60 Sport Plus,https://ev-database.org//img/auto/Genesis_GV60/Genesis_GV60-01-thumb.jpg
GV70 Electrified Sport,https://ev-database.org//img/auto/Genesis_GV70/Genesis_GV70-01-thumb.jpg
ORA 07 GT,https://ev-database.org//img/auto/GWM_ORA_07/GWM_ORA_07-01-thumb.jpg
ORA 07 Pro,https://ev-database.org//img/auto/GWM_ORA_07/GWM_ORA_07-01-thumb.jpg
ORA 07 Pure,https://ev-database.org//img/auto/GWM_ORA_07/GWM_ORA_07-01-thumb.jpg
e:Ny1,https://ev-database.org//img/auto/Honda_e:Ny1/Honda_e:Ny1-01-thumb.jpg
E-HS9 120 kWh,https://ev-database.org//img/auto/Hongqi_E-HS9/Hongqi_E-HS9-01-thumb.jpg
E-HS9 84 kWh,https://ev-database.org//img/auto/Hongqi_E-HS9/Hongqi_E-HS9-01-thumb.jpg
E-HS9 99 kWh,https://ev-database.org//img/auto/Hongqi_E-HS9/Hongqi_E-HS9-01-thumb.jpg
INSTER Long Range,https://ev-database.org//img/auto/Hyundai_Inster_2025/Hyundai_Inster_2025-01-thumb.jpg
INSTER Standard Range,https://ev-database.org//img/auto/Hyundai_Inster_2025/Hyundai_Inster_2025-01-thumb.jpg
IONIQ 6 Long Range 2WD,https://ev-database.org//img/auto/Hyundai_IONIQ6_2022/Hyundai_IONIQ6_2022-01-thumb.jpg
IONIQ 6 Long Range AWD,https://ev-database.org//img/auto/Hyundai_IONIQ6_2022/Hyundai_IONIQ6_2022-01-thumb.jpg
IONIQ 6 Standard Range 2WD,https://ev-database.org//img/auto/Hyundai_IONIQ6_2022/Hyundai_IONIQ6_2022-01-thumb.jpg
IONIQ 9 Long Range AWD,https://ev-database.org//img/auto/Hyundai_IONIQ9_2024/Hyundai_IONIQ9_2024-01-thumb.jpg
IONIQ 9 Long Range RWD,https://ev-database.org//img/auto/Hyundai_IONIQ9_2024/Hyundai_IONIQ9_2024-01-thumb.jpg
IONIQ 9 Performance AWD,https://ev-database.org//img/auto/Hyundai_IONIQ9_2024/Hyundai_IONIQ9_2024-01-thumb.jpg
Kona Electric 48 kWh,https://ev-database.org//img/auto/Hyundai_Kona_Electric_2024/Hyundai_Kona_Electric_2024-01-thumb.jpg
Kona Electric 65 kWh,https://ev-database.org//img/auto/Hyundai_Kona_Electric_2024/Hyundai_Kona_Electric_2024-01-thumb.jpg
I-Pace EV400,https://ev-database.org//img/auto/Jaguar_I-Pace-2024/Jaguar_I-Pace-2024-01-thumb.jpg
Avenger Electric,https://ev-database.org//img/auto/Jeep_Avenger/Jeep_Avenger-01-thumb.jpg
Compass Electric 74 kWh,https://ev-database.org//img/auto/Jeep_Compass_2025/Jeep_Compass_2025-01-thumb.jpg
Torres EVX,https://ev-database.org//img/auto/KGM_Torres_EVX/KGM_Torres_EVX-01-thumb.jpg
EV3 Long Range,https://ev-database.org//img/auto/Kia_EV3_2025/Kia_EV3_2025-01-thumb.jpg
EV3 Standard Range,https://ev-database.org//img/auto/Kia_EV3_2025/Kia_EV3_2025-01-thumb.jpg
EV6 Long Range 2WD,https://ev-database.org//img/auto/Kia_EV6_2021/Kia_EV6_2021-01-thumb.jpg
EV6 Long Range AWD,https://ev-database.org//img/auto/Kia_EV6_2024/Kia_EV6_2024-01-thumb.jpg
EV6 Standard Range 2WD,https://ev-database.org//img/auto/Kia_EV6_2024/Kia_EV6_2024-01-thumb.jpg
EV6 GT,https://ev-database.org//img/auto/Kia_EV6_GT_2025/Kia_EV6_GT_2025-01-thumb.jpg
EV9 76.1 kWh RWD,https://ev-database.org//img/auto/Kia_EV9_2023/Kia_EV9_2023-01-thumb.jpg
EV9 99.8 kWh AWD,https://ev-database.org//img/auto/Kia_EV9_2023/Kia_EV9_2023-01-thumb.jpg
EV9 99.8 kWh RWD,https://ev-database.org//img/auto/Kia_EV9_2023/Kia_EV9_2023-01-thumb.jpg
EV9 99.8 kWh AWD GT,https://ev-database.org//img/auto/Kia_EV9_GT_2025/Kia_EV9_GT_2025-01-thumb.jpg
EV9 99.8 kWh AWD GT-Line,https://ev-database.org//img/auto/Kia_EV9_GTLine_2023/Kia_EV9_GTLine_2023-01-thumb.jpg
Niro EV,https://ev-database.org//img/auto/Kia-NiroEV-2022/Kia-NiroEV-2022-01-thumb.jpg
C10,https://ev-database.org//img/auto/Leapmotor_C10/Leapmotor_C10-01-thumb.jpg
T03,https://ev-database.org//img/auto/Leapmotor_T03/Leapmotor_T03-01-thumb.jpg
RZ 300e,https://ev-database.org//img/auto/Lexus_RZ_450e/Lexus_RZ_450e-01-thumb.jpg
RZ 450e,https://ev-database.org//img/auto/Lexus_RZ_450e/Lexus_RZ_450e-01-thumb.jpg
UX 300e,https://ev-database.org//img/auto/Lexus_UX_300e_Electric_2023/Lexus_UX_300e_Electric_2023-01-thumb.jpg
Eletre,https://ev-database.org//img/auto/Lotus_Eletre/Lotus_Eletre-01-thumb.jpg
Eletre R,https://ev-database.org//img/auto/Lotus_Eletre/Lotus_Eletre-01-thumb.jpg
Eletre S,https://ev-database.org//img/auto/Lotus_Eletre/Lotus_Eletre-01-thumb.jpg
Emeya,https://ev-database.org//img/auto/Lotus_Emeya/Lotus_Emeya-01-thumb.jpg
Emeya R,https://ev-database.org//img/auto/Lotus_Emeya/Lotus_Emeya-01-thumb.jpg
Emeya S,https://ev-database.org//img/auto/Lotus_Emeya/Lotus_Emeya-01-thumb.jpg
Air Grand Touring,https://ev-database.org//img/auto/Lucid_Air/Lucid_Air-01-thumb.jpg
Air Pure RWD,https://ev-database.org//img/auto/Lucid_Air/Lucid_Air-01-thumb.jpg
Air Touring,https://ev-database.org//img/auto/Lucid_Air/Lucid_Air-01-thumb.jpg
GranCabrio Folgore,https://ev-database.org//img/auto/Maserati_GranCabrio_Folgore/Maserati_GranCabrio_Folgore-01-thumb.jpg
GranTurismo Folgore,https://ev-database.org//img/auto/Maserati_GranTurismo_Folgore/Maserati_GranTurismo_Folgore-01-thumb.jpg
Grecale Folgore,https://ev-database.org//img/auto/Maserati_Grecale_Folgore/Maserati_Grecale_Folgore-01-thumb.jpg
MIFA 9,https://ev-database.org//img/auto/Maxus_MIFA_9/Maxus_MIFA_9-01-thumb.jpg
6e 68.8 kWh,https://ev-database.org//img/auto/Mazda_6e/Mazda_6e-01-thumb.jpg
6e Long Range 80 kWh,https://ev-database.org//img/auto/Mazda_6e/Mazda_6e-01-thumb.jpg
CLA 250+,https://ev-database.org//img/auto/Mercedes_CLA/Mercedes_CLA-01-thumb.jpg
CLA 350 4MATIC,https://ev-database.org//img/auto/Mercedes_CLA/Mercedes_CLA-01-thumb.jpg
EQA 250,https://ev-database.org//img/auto/Mercedes_EQA_2024/Mercedes_EQA_2024-01-thumb.jpg
EQA 250+,https://ev-database.org//img/auto/Mercedes_EQA_2024/Mercedes_EQA_2024-01-thumb.jpg
EQA 300 4MATIC,https://ev-database.org//img/auto/Mercedes_EQA_2024/Mercedes_EQA_2024-01-thumb.jpg
EQA 350 4MATIC,https://ev-database.org//img/auto/Mercedes_EQA_2024/Mercedes_EQA_2024-01-thumb.jpg
EQB 250+,https://ev-database.org//img/auto/Mercedes_EQB_2024/Mercedes_EQB_2024-01-thumb.jpg
EQB 300 4MATIC,https://ev-database.org//img/auto/Mercedes_EQB_2024/Mercedes_EQB_2024-01-thumb.jpg
EQB 350 4MATIC,https://ev-database.org//img/auto/Mercedes_EQB_2024/Mercedes_EQB_2024-01-thumb.jpg
EQE AMG 43 4MATIC,https://ev-database.org//img/auto/Mercedes_EQE_AMG_43/Mercedes_EQE_AMG_43-01-thumb.jpg
EQE AMG 53 4MATIC+,https://ev-database.org//img/auto/Mercedes_EQE_AMG_53/Mercedes_EQE_AMG_53-01-thumb.jpg
EQE SUV AMG 43 4MATIC,https://ev-database.org//img/auto/Mercedes_EQE_AMG_SUV/Mercedes_EQE_AMG_SUV-01-thumb.jpg
EQE SUV AMG 53 4MATIC+,https://ev-database.org//img/auto/Mercedes_EQE_AMG_SUV/Mercedes_EQE_AMG_SUV-01-thumb.jpg
EQE SUV 300,https://ev-database.org//img/auto/Mercedes_EQE_SUV/Mercedes_EQE_SUV-01-thumb.jpg
EQE SUV 350 4MATIC,https://ev-database.org//img/auto/Mercedes_EQE_SUV/Mercedes_EQE_SUV-01-thumb.jpg
EQE SUV 350+,https://ev-database.org//img/auto/Mercedes_EQE_SUV/Mercedes_EQE_SUV-01-thumb.jpg
EQE SUV 500 4MATIC,https://ev-database.org//img/auto/Mercedes_EQE_SUV/Mercedes_EQE_SUV-01-thumb.jpg
EQE 300,https://ev-database.org//img/auto/Mercedes_EQE/Mercedes_EQE-01-thumb.jpg
EQE 350 4MATIC,https://ev-database.org//img/auto/Mercedes_EQE/Mercedes_EQE-01-thumb.jpg
EQE 350+,https://ev-database.org//img/auto/Mercedes_EQE/Mercedes_EQE-01-thumb.jpg
EQE 500 4MATIC,https://ev-database.org//img/auto/Mercedes_EQE/Mercedes_EQE-01-thumb.jpg
EQS 350,https://ev-database.org//img/auto/Mercedes_EQS_2021/Mercedes_EQS_2021-01-thumb.jpg
EQS 580 4MATIC,https://ev-database.org//img/auto/Mercedes_EQS_2021/Mercedes_EQS_2021-01-thumb.jpg
EQS 450 4MATIC,https://ev-database.org//img/auto/Mercedes_EQS_2024/Mercedes_EQS_2024-01-thumb.jpg
EQS 450+,https://ev-database.org//img/auto/Mercedes_EQS_2024/Mercedes_EQS_2024-01-thumb.jpg
EQS 500 4MATIC,https://ev-database.org//img/auto/Mercedes_EQS_2024/Mercedes_EQS_2024-01-thumb.jpg
EQS AMG 53 4MATIC+,https://ev-database.org//img/auto/Mercedes_EQS_2024/Mercedes_EQS_2024-01-thumb.jpg
EQS SUV 450 4MATIC,https://ev-database.org//img/auto/Mercedes_EQS_SUV_2022/Mercedes_EQS_SUV_2022-01-thumb.jpg
EQS SUV 450+,https://ev-database.org//img/auto/Mercedes_EQS_SUV_2022/Mercedes_EQS_SUV_2022-01-thumb.jpg
EQS SUV 500 4MATIC,https://ev-database.org//img/auto/Mercedes_EQS_SUV_2022/Mercedes_EQS_SUV_2022-01-thumb.jpg
EQS SUV 580 4MATIC,https://ev-database.org//img/auto/Mercedes_EQS_SUV_2022/Mercedes_EQS_SUV_2022-01-thumb.jpg
EQT 200 Long,https://ev-database.org//img/auto/Mercedes_EQT_2023/Mercedes_EQT_2023-01-thumb.jpg
EQT 200 Standard,https://ev-database.org//img/auto/Mercedes_EQT_2023/Mercedes_EQT_2023-01-thumb.jpg
EQV 250 Extra-Long,https://ev-database.org//img/auto/Mercedes_EQV_2024/Mercedes_EQV_2024-01-thumb.jpg
EQV 250 Long,https://ev-database.org//img/auto/Mercedes_EQV_2024/Mercedes_EQV_2024-01-thumb.jpg
EQV 300 Long,https://ev-database.org//img/auto/Mercedes_EQV_2024/Mercedes_EQV_2024-01-thumb.jpg
EQV 300 Extra-Long,https://ev-database.org//img/auto/Mercedes_EQV/Mercedes_EQV-01-thumb.jpg
eVito Tourer Extra-Long 60 kWh,https://ev-database.org//img/auto/Mercedes_eVito_2024/Mercedes_eVito_2024-01-thumb.jpg
eVito Tourer Long 60 kWh,https://ev-database.org//img/auto/Mercedes_eVito_2024/Mercedes_eVito_2024-01-thumb.jpg
eVito Tourer Long 90 kWh,https://ev-database.org//img/auto/Mercedes_eVito_2024/Mercedes_eVito_2024-01-thumb.jpg
G 580,https://ev-database.org//img/auto/Mercedes_G-Class/Mercedes_G-Class-01-thumb.jpg
EQS SUV Maybach 680,https://ev-database.org//img/auto/Mercedes_Maybach_EQS_SUV_2024/Mercedes_Maybach_EQS_SUV_2024-01-thumb.jpg
Cyberster GT,https://ev-database.org//img/auto/MG_Cyberster/MG_Cyberster-01-thumb.jpg
Cyberster Trophy,https://ev-database.org//img/auto/MG_Cyberster/MG_Cyberster-01-thumb.jpg
ZS EV Long Range,https://ev-database.org//img/auto/MG_ZS_EV_2022/MG_ZS_EV_2022-01-thumb.jpg
ZS EV Standard Range,https://ev-database.org//img/auto/MG_ZS_EV_2022/MG_ZS_EV_2022-01-thumb.jpg
Aceman E,https://ev-database.org//img/auto/Mini_Aceman_Electric_2024/Mini_Aceman_Electric_2024-01-thumb.jpg
Aceman SE,https://ev-database.org//img/auto/Mini_Aceman_Electric_2024/Mini_Aceman_Electric_2024-01-thumb.jpg
Aceman JCW,https://ev-database.org//img/auto/Mini_Aceman_Electric_JCW_2024/Mini_Aceman_Electric_JCW_2024-01-thumb.jpg
Cooper E,https://ev-database.org//img/auto/Mini_Cooper_Electric_2024/Mini_Cooper_Electric_2024-01-thumb.jpg
Cooper JCW,https://ev-database.org//img/auto/Mini_Cooper_Electric_JCW_2024/Mini_Cooper_Electric_JCW_2024-01-thumb.jpg
Countryman E,https://ev-database.org//img/auto/Mini_Countryman_2024/Mini_Countryman_2024-01-thumb.jpg
Countryman SE ALL4,https://ev-database.org//img/auto/Mini_Countryman_2024/Mini_Countryman_2024-01-thumb.jpg
Cooper SE,https://ev-database.org//img/auto/Mini_Electric_2021/Mini_Electric_2021-01-thumb.jpg
EL6 Long Range,https://ev-database.org//img/auto/NIO_EL6/NIO_EL6-01-thumb.jpg
EL6 Standard Range,https://ev-database.org//img/auto/NIO_EL6/NIO_EL6-01-thumb.jpg
EL7 Long Range,https://ev-database.org//img/auto/NIO_EL7/NIO_EL7-01-thumb.jpg
EL7 Standard Range,https://ev-database.org//img/auto/NIO_EL7/NIO_EL7-01-thumb.jpg
EL8 Long Range,https://ev-database.org//img/auto/NIO_EL8/NIO_EL8-01-thumb.jpg
EL8 Standard Range,https://ev-database.org//img/auto/NIO_EL8/NIO_EL8-01-thumb.jpg
ET5 Touring Long Range,https://ev-database.org//img/auto/NIO_ET5_Touring/NIO_ET5_Touring-01-thumb.jpg
ET5 Touring Standard Range,https://ev-database.org//img/auto/NIO_ET5_Touring/NIO_ET5_Touring-01-thumb.jpg
ET5 Long Range,https://ev-database.org//img/auto/NIO_ET5/NIO_ET5-01-thumb.jpg
ET5 Standard Range,https://ev-database.org//img/auto/NIO_ET5/NIO_ET5-01-thumb.jpg
ET7 Long Range,https://ev-database.org//img/auto/NIO_ET7/NIO_ET7-01-thumb.jpg
ET7 Standard Range,https://ev-database.org//img/auto/NIO_ET7/NIO_ET7-01-thumb.jpg
Ariya e-4ORCE 87kWh - 320 kW Nismo,https://ev-database.org//img/auto/Nissan_Ariya_Nismo/Nissan_Ariya_Nismo-01-thumb.jpg
Ariya 63kWh,https://ev-database.org//img/auto/Nissan_Ariya/Nissan_Ariya-01-thumb.jpg
Ariya 87kWh,https://ev-database.org//img/auto/Nissan_Ariya/Nissan_Ariya-01-thumb.jpg
Ariya e-4ORCE 87kWh - 225 kW,https://ev-database.org//img/auto/Nissan_Ariya/Nissan_Ariya-01-thumb.jpg
Townstar EV Passenger,https://ev-database.org//img/auto/Nissan_Townstar_2023/Nissan_Townstar_2023-01-thumb.jpg
Townstar EV Passenger L2,https://ev-database.org//img/auto/Nissan_Townstar_2023/Nissan_Townstar_2023-01-thumb.jpg
E5,https://ev-database.org//img/auto/Omoda_E5_2024/Omoda_E5_2024-01-thumb.jpg
Astra Electric,https://ev-database.org//img/auto/Opel_Astra_Electric/Opel_Astra_Electric-01-thumb.jpg
Astra Sports Tourer Electric,https://ev-database.org//img/auto/Opel_Astra_Sports_Tourer_Electric/Opel_Astra_Sports_Tourer_Electric-01-thumb.jpg
Combo-e Life 50 kWh,https://ev-database.org//img/auto/Opel_Combo-e_Life_2024/Opel_Combo-e_Life_2024-01-thumb.jpg
Combo-e Life XL 50 kWh,https://ev-database.org//img/auto/Opel_Combo-e_Life_2024/Opel_Combo-e_Life_2024-01-thumb.jpg
Frontera 44 kWh,https://ev-database.org//img/auto/Opel_Frontera_2024/Opel_Frontera_2024-01-thumb.jpg
Grandland 73 kWh,https://ev-database.org//img/auto/Opel_Grandland_2024/Opel_Grandland_2024-01-thumb.jpg
Grandland 82 kWh,https://ev-database.org//img/auto/Opel_Grandland_2024/Opel_Grandland_2024-01-thumb.jpg
Mokka Electric,https://ev-database.org//img/auto/Opel_Mokka_Electric_2024/Opel_Mokka_Electric_2024-01-thumb.jpg
Zafira-e Life L2 50 kWh,https://ev-database.org//img/auto/Opel_Zafira-e_Life_2024/Opel_Zafira-e_Life_2024-01-thumb.jpg
Zafira-e Life L2 75 kWh,https://ev-database.org//img/auto/Opel_Zafira-e_Life_2024/Opel_Zafira-e_Life_2024-01-thumb.jpg
Zafira-e Life L3 50 kWh,https://ev-database.org//img/auto/Opel_Zafira-e_Life_2024/Opel_Zafira-e_Life_2024-01-thumb.jpg
Zafira-e Life L3 75 kWh,https://ev-database.org//img/auto/Opel_Zafira-e_Life_2024/Opel_Zafira-e_Life_2024-01-thumb.jpg
ORA 03 48 kWh,https://ev-database.org//img/auto/ORA_Funky_Cat_2022/ORA_Funky_Cat_2022-01-thumb.jpg
ORA 03 63 kWh,https://ev-database.org//img/auto/ORA_Funky_Cat_2022/ORA_Funky_Cat_2022-01-thumb.jpg
ORA 03 GT,https://ev-database.org//img/auto/ORA_Funky_Cat_2022/ORA_Funky_Cat_2022-01-thumb.jpg
e-2008 50 kWh,https://ev-database.org//img/auto/Peugeot_e-2008_2024/Peugeot_e-2008_2024-01-thumb.jpg
e-2008 54 kWh,https://ev-database.org//img/auto/Peugeot_e-2008_2024/Peugeot_e-2008_2024-01-thumb.jpg
e-3008 73 kWh,https://ev-database.org//img/auto/Peugeot_e-3008_2024/Peugeot_e-3008_2024-01-thumb.jpg
e-3008 73 kWh Dual Motor,https://ev-database.org//img/auto/Peugeot_e-3008_2024/Peugeot_e-3008_2024-01-thumb.jpg
e-3008 97 kWh Long Range,https://ev-database.org//img/auto/Peugeot_e-3008_2024/Peugeot_e-3008_2024-01-thumb.jpg
e-308 SW,https://ev-database.org//img/auto/Peugeot_e-308_SW/Peugeot_e-308_SW-01-thumb.jpg
e-308,https://ev-database.org//img/auto/Peugeot_e-308/Peugeot_e-308-01-thumb.jpg
e-408 58 kWh,https://ev-database.org//img/auto/Peugeot_e-408_2024/Peugeot_e-408_2024-01-thumb.jpg
e-5008 73 kWh,https://ev-database.org//img/auto/Peugeot_e-5008_2024/Peugeot_e-5008_2024-01-thumb.jpg
e-5008 73 kWh Dual Motor,https://ev-database.org//img/auto/Peugeot_e-5008_2024/Peugeot_e-5008_2024-01-thumb.jpg
e-5008 97 kWh Long Range,https://ev-database.org//img/auto/Peugeot_e-5008_2024/Peugeot_e-5008_2024-01-thumb.jpg
e-Rifter M 50 kWh,https://ev-database.org//img/auto/Peugeot_e-Rifter_2024/Peugeot_e-Rifter_2024-01-thumb.jpg
e-Rifter XL 50 kWh,https://ev-database.org//img/auto/Peugeot_e-Rifter_2024/Peugeot_e-Rifter_2024-01-thumb.jpg
e-Traveller L2 50 kWh,https://ev-database.org//img/auto/Peugeot_e-Traveller_2024/Peugeot_e-Traveller_2024-01-thumb.jpg
e-Traveller L2 75 kWh,https://ev-database.org//img/auto/Peugeot_e-Traveller_2024/Peugeot_e-Traveller_2024-01-thumb.jpg
e-Traveller L3 50 kWh,https://ev-database.org//img/auto/Peugeot_e-Traveller_2024/Peugeot_e-Traveller_2024-01-thumb.jpg
e-Traveller L3 75 kWh,https://ev-database.org//img/auto/Peugeot_e-Traveller_2024/Peugeot_e-Traveller_2024-01-thumb.jpg
3 Long Range Dual motor,https://ev-database.org//img/auto/Polestar_3/Polestar_3-01-thumb.jpg
3 Long Range Performance,https://ev-database.org//img/auto/Polestar_3/Polestar_3-01-thumb.jpg
3 Long Range Single motor,https://ev-database.org//img/auto/Polestar_3/Polestar_3-01-thumb.jpg
4 Long Range Dual Motor,https://ev-database.org//img/auto/Polestar_4_2024/Polestar_4_2024-01-thumb.jpg
4 Long Range Single Motor,https://ev-database.org//img/auto/Polestar_4_2024/Polestar_4_2024-01-thumb.jpg
Macan 4 Electric,https://ev-database.org//img/auto/Porsche_Macan_4_2024/Porsche_Macan_4_2024-01-thumb.jpg
Macan 4S Electric,https://ev-database.org//img/auto/Porsche_Macan_4S_2024/Porsche_Macan_4S_2024-01-thumb.jpg
Macan Electric,https://ev-database.org//img/auto/Porsche_Macan_Electric_2024/Porsche_Macan_Electric_2024-01-thumb.jpg
Macan Turbo Electric,https://ev-database.org//img/auto/Porsche_Macan_Turbo_2024/Porsche_Macan_Turbo_2024-01-thumb.jpg
Taycan 4,https://ev-database.org//img/auto/Porsche_Taycan_2024/Porsche_Taycan_2024-01-thumb.jpg
Taycan 4 Plus,https://ev-database.org//img/auto/Porsche_Taycan_2024/Porsche_Taycan_2024-01-thumb.jpg
Taycan 4S Plus,https://ev-database.org//img/auto/Porsche_Taycan_2024/Porsche_Taycan_2024-01-thumb.jpg
Taycan Plus,https://ev-database.org//img/auto/Porsche_Taycan_2024/Porsche_Taycan_2024-01-thumb.jpg
Taycan 4 Cross Turismo,https://ev-database.org//img/auto/Porsche_Taycan_4S_Cross_Turismo/Porsche_Taycan_4S_Cross_Turismo-01-thumb.jpg
Taycan 4S,https://ev-database.org//img/auto/Porsche_Taycan_4S/Porsche_Taycan_4S-01-thumb.jpg
Taycan 4S Cross Turismo,https://ev-database.org//img/auto/Porsche_Taycan_Cross_Turismo_2024/Porsche_Taycan_Cross_Turismo_2024-01-thumb.jpg
Taycan Turbo Cross Turismo,https://ev-database.org//img/auto/Porsche_Taycan_Cross_Turismo_2024/Porsche_Taycan_Cross_Turismo_2024-01-thumb.jpg
Taycan Turbo S Cross Turismo,https://ev-database.org//img/auto/Porsche_Taycan_Cross_Turismo_2024/Porsche_Taycan_Cross_Turismo_2024-01-thumb.jpg
Taycan GTS Sport Turismo,https://ev-database.org//img/auto/Porsche_Taycan_GTS_Sport_Turismo_2024/Porsche_Taycan_GTS_Sport_Turismo_2024-01-thumb.jpg
Taycan GTS,https://ev-database.org//img/auto/Porsche_Taycan_GTS/Porsche_Taycan_GTS-01-thumb.jpg
Taycan 4S Plus Sport Turismo,https://ev-database.org//img/auto/Porsche_Taycan_Sport_Turismo_2024/Porsche_Taycan_Sport_Turismo_2024-01-thumb.jpg
Taycan 4S Sport Turismo,https://ev-database.org//img/auto/Porsche_Taycan_Sport_Turismo_2024/Porsche_Taycan_Sport_Turismo_2024-01-thumb.jpg
Taycan Plus Sport Turismo,https://ev-database.org//img/auto/Porsche_Taycan_Sport_Turismo_2024/Porsche_Taycan_Sport_Turismo_2024-01-thumb.jpg
Taycan Sport Turismo,https://ev-database.org//img/auto/Porsche_Taycan_Sport_Turismo_2024/Porsche_Taycan_Sport_Turismo_2024-01-thumb.jpg
Taycan Turbo S Sport Turismo,https://ev-database.org//img/auto/Porsche_Taycan_Sport_Turismo_2024/Porsche_Taycan_Sport_Turismo_2024-01-thumb.jpg
Taycan Turbo Sport Turismo,https://ev-database.org//img/auto/Porsche_Taycan_Sport_Turismo_2024/Porsche_Taycan_Sport_Turismo_2024-01-thumb.jpg
Taycan Turbo GT,https://ev-database.org//img/auto/Porsche_Taycan_Turbo_GT_2024/Porsche_Taycan_Turbo_GT_2024-01-thumb.jpg
Taycan Turbo GT Weissach,https://ev-database.org//img/auto/Porsche_Taycan_Turbo_GT_Weissach_2024/Porsche_Taycan_Turbo_GT_Weissach_2024-01-thumb.jpg
Taycan Turbo S,https://ev-database.org//img/auto/Porsche_Taycan_Turbo_S/Porsche_Taycan_Turbo_S-01-thumb.jpg
Taycan Turbo,https://ev-database.org//img/auto/Porsche_Taycan_Turbo/Porsche_Taycan_Turbo-01-thumb.jpg
Taycan,https://ev-database.org//img/auto/Porsche_Taycan/Porsche_Taycan-01-thumb.jpg
4 E-Tech 40kWh 120hp,https://ev-database.org//img/auto/Renault_4_ETech/Renault_4_ETech-01-thumb.jpg
4 E-Tech 52kWh 150hp,https://ev-database.org//img/auto/Renault_4_ETech/Renault_4_ETech-01-thumb.jpg
5 E-Tech 40kWh 120hp,https://ev-database.org//img/auto/Renault_5_ETech/Renault_5_ETech-01-thumb.jpg
5 E-Tech 40kWh 95hp,https://ev-database.org//img/auto/Renault_5_ETech/Renault_5_ETech-01-thumb.jpg
5 E-Tech 52kWh 150hp,https://ev-database.org//img/auto/Renault_5_ETech/Renault_5_ETech-01-thumb.jpg
Kangoo E-Tech Electric,https://ev-database.org//img/auto/Renault_Kangoo_E-Tech_Electric/Renault_Kangoo_E-Tech_Electric-01-thumb.jpg
Kangoo Grand E-Tech Electric,https://ev-database.org//img/auto/Renault_Kangoo_E-Tech_Electric/Renault_Kangoo_E-Tech_Electric-01-thumb.jpg
Scenic E-Tech EV60 170hp,https://ev-database.org//img/auto/Renault_Scenic_ETech/Renault_Scenic_ETech-01-thumb.jpg
Scenic E-Tech EV87 220hp,https://ev-database.org//img/auto/Renault_Scenic_ETech/Renault_Scenic_ETech-01-thumb.jpg
Spectre,https://ev-database.org//img/auto/Rolls-Royce-Spectre/Rolls-Royce-Spectre-01-thumb.jpg
Elroq 50,https://ev-database.org//img/auto/Skoda_Elroq_2024/Skoda_Elroq_2024-01-thumb.jpg
Elroq 60,https://ev-database.org//img/auto/Skoda_Elroq_2024/Skoda_Elroq_2024-01-thumb.jpg
Elroq 85,https://ev-database.org//img/auto/Skoda_Elroq_2024/Skoda_Elroq_2024-01-thumb.jpg
Elroq RS,https://ev-database.org//img/auto/Skoda_Elroq_RS_2025/Skoda_Elroq_RS_2025-01-thumb.jpg
Enyaq 60,https://ev-database.org//img/auto/Skoda_Enyaq_2025/Skoda_Enyaq_2025-01-thumb.jpg
Enyaq 85,https://ev-database.org//img/auto/Skoda_Enyaq_2025/Skoda_Enyaq_2025-01-thumb.jpg
Enyaq 85x,https://ev-database.org//img/auto/Skoda_Enyaq_2025/Skoda_Enyaq_2025-01-thumb.jpg
Enyaq Coupe 60,https://ev-database.org//img/auto/Skoda_Enyaq_Coupe_2025/Skoda_Enyaq_Coupe_2025-01-thumb.jpg
Enyaq Coupe 85,https://ev-database.org//img/auto/Skoda_Enyaq_Coupe_2025/Skoda_Enyaq_Coupe_2025-01-thumb.jpg
Enyaq Coupe 85x,https://ev-database.org//img/auto/Skoda_Enyaq_Coupe_2025/Skoda_Enyaq_Coupe_2025-01-thumb.jpg
Enyaq Coupe RS,https://ev-database.org//img/auto/Skoda_Enyaq_Coupe_RS_iV_2022/Skoda_Enyaq_Coupe_RS_iV_2022-01-thumb.jpg
Enyaq RS,https://ev-database.org//img/auto/Skoda_Enyaq_RS_2025/Skoda_Enyaq_RS_2025-01-thumb.jpg
BE11 Long Range,https://ev-database.org//img/auto/Skywell_BE11_2024/Skywell_BE11_2024-01-thumb.jpg
BE11 Standard Range,https://ev-database.org//img/auto/Skywell_BE11_2024/Skywell_BE11_2024-01-thumb.jpg
#1 Premium,https://ev-database.org//img/auto/Smart_1_2023/Smart_1_2023-01-thumb.jpg
#1 Pro,https://ev-database.org//img/auto/Smart_1_2023/Smart_1_2023-01-thumb.jpg
#1 Pro+,https://ev-database.org//img/auto/Smart_1_2023/Smart_1_2023-01-thumb.jpg
#1 Pulse,https://ev-database.org//img/auto/Smart_1_2023/Smart_1_2023-01-thumb.jpg
#1 Pure,https://ev-database.org//img/auto/Smart_1_2023/Smart_1_2023-01-thumb.jpg
#1 Pure+,https://ev-database.org//img/auto/Smart_1_2023/Smart_1_2023-01-thumb.jpg
#1 Brabus,https://ev-database.org//img/auto/Smart_1_Brabus_2023/Smart_1_Brabus_2023-01-thumb.jpg
#3 Premium,https://ev-database.org//img/auto/Smart_3_2024/Smart_3_2024-01-thumb.jpg
#3 Pro,https://ev-database.org//img/auto/Smart_3_2024/Smart_3_2024-01-thumb.jpg
#3 Pro+,https://ev-database.org//img/auto/Smart_3_2024/Smart_3_2024-01-thumb.jpg
#3 Brabus,https://ev-database.org//img/auto/Smart_3_Brabus_2024/Smart_3_Brabus_2024-01-thumb.jpg
#5 Premium,https://ev-database.org//img/auto/Smart_5_2025/Smart_5_2025-01-thumb.jpg
#5 Pro,https://ev-database.org//img/auto/Smart_5_2025/Smart_5_2025-01-thumb.jpg
#5 Pro+,https://ev-database.org//img/auto/Smart_5_2025/Smart_5_2025-01-thumb.jpg
#5 Pulse,https://ev-database.org//img/auto/Smart_5_2025/Smart_5_2025-01-thumb.jpg
#5 Summit Edition,https://ev-database.org//img/auto/Smart_5_2025/Smart_5_2025-01-thumb.jpg
#5 Brabus,https://ev-database.org//img/auto/Smart_5_Brabus_2025/Smart_5_Brabus_2025-01-thumb.jpg
Solterra AWD,https://ev-database.org//img/auto/Subaru_Solterra/Subaru_Solterra-01-thumb.jpg
Model S Dual Motor,https://ev-database.org//img/auto/Tesla_Model_S_2021/Tesla_Model_S_2021-01-thumb.jpg
Model S Plaid,https://ev-database.org//img/auto/Tesla_Model_S_2021/Tesla_Model_S_2021-01-thumb.jpg
Model X Dual Motor,https://ev-database.org//img/auto/Tesla_Model_X_2021/Tesla_Model_X_2021-01-thumb.jpg
Model X Plaid,https://ev-database.org//img/auto/Tesla_Model_X_2021/Tesla_Model_X_2021-01-thumb.jpg
Proace City Verso Electric L1 50 kWh,https://ev-database.org//img/auto/Toyota_Proace_City_Verso_Electric_2024/Toyota_Proace_City_Verso_Electric_2024-01-thumb.jpg
Proace City Verso Electric L2 50 kWh,https://ev-database.org//img/auto/Toyota_Proace_City_Verso_Electric_2024/Toyota_Proace_City_Verso_Electric_2024-01-thumb.jpg
PROACE Verso L 75 kWh,https://ev-database.org//img/auto/Toyota_PROACE_Verso_2024/Toyota_PROACE_Verso_2024-01-thumb.jpg
PROACE Verso M 50 kWh,https://ev-database.org//img/auto/Toyota_PROACE_Verso_2024/Toyota_PROACE_Verso_2024-01-thumb.jpg
PROACE Verso M 75 kWh,https://ev-database.org//img/auto/Toyota_PROACE_Verso/Toyota_PROACE_Verso-01-thumb.jpg
VF 8 Eco Extended Range,https://ev-database.org//img/auto/VinFast_VF_8/VinFast_VF_8-01-thumb.jpg
VF 8 Plus Extended Range,https://ev-database.org//img/auto/VinFast_VF_8/VinFast_VF_8-01-thumb.jpg
ID. Buzz LWB GTX,https://ev-database.org//img/auto/Volkswagen_ID_Buzz_GTX/Volkswagen_ID_Buzz_GTX-01-thumb.jpg
ID. Buzz NWB GTX,https://ev-database.org//img/auto/Volkswagen_ID_Buzz_GTX/Volkswagen_ID_Buzz_GTX-01-thumb.jpg
ID. Buzz LWB Pro,https://ev-database.org//img/auto/Volkswagen_ID_Buzz_LWB/Volkswagen_ID_Buzz_LWB-01-thumb.jpg
ID. Buzz NWB Pro,https://ev-database.org//img/auto/Volkswagen_ID_Buzz/Volkswagen_ID_Buzz-01-thumb.jpg
ID. Buzz NWB Pure,https://ev-database.org//img/auto/Volkswagen_ID_Buzz/Volkswagen_ID_Buzz-01-thumb.jpg
ID.3 Pro,https://ev-database.org//img/auto/Volkswagen_ID3_2023/Volkswagen_ID3_2023-01-thumb.jpg
ID.3 Pro S,https://ev-database.org//img/auto/Volkswagen_ID3_2024/Volkswagen_ID3_2024-01-thumb.jpg
ID.3 Pure,https://ev-database.org//img/auto/Volkswagen_ID3_2024/Volkswagen_ID3_2024-01-thumb.jpg
ID.3 GTX,https://ev-database.org//img/auto/Volkswagen_ID3_GTX_2024/Volkswagen_ID3_GTX_2024-01-thumb.jpg
ID.3 GTX Performance,https://ev-database.org//img/auto/Volkswagen_ID3_GTX_Performance_2024/Volkswagen_ID3_GTX_Performance_2024-01-thumb.jpg
ID.4 Pro,https://ev-database.org//img/auto/Volkswagen_ID4_2024/Volkswagen_ID4_2024-01-thumb.jpg
ID.4 Pro 4MOTION,https://ev-database.org//img/auto/Volkswagen_ID4_2024/Volkswagen_ID4_2024-01-thumb.jpg
ID.4 Pure,https://ev-database.org//img/auto/Volkswagen_ID4_2024/Volkswagen_ID4_2024-01-thumb.jpg
ID.4 GTX,https://ev-database.org//img/auto/Volkswagen_ID4_GTX_2024/Volkswagen_ID4_GTX_2024-01-thumb.jpg
ID.5 Pro,https://ev-database.org//img/auto/Volkswagen_ID5_2024/Volkswagen_ID5_2024-01-thumb.jpg
ID.5 Pure,https://ev-database.org//img/auto/Volkswagen_ID5_2024/Volkswagen_ID5_2024-01-thumb.jpg
ID.5 GTX,https://ev-database.org//img/auto/Volkswagen_ID5_GTX_2024/Volkswagen_ID5_GTX_2024-01-thumb.jpg
ID.7 GTX,https://ev-database.org//img/auto/Volkswagen_ID7_GTX/Volkswagen_ID7_GTX-01-thumb.jpg
ID.7 Tourer GTX,https://ev-database.org//img/auto/Volkswagen_ID7_Tourer_GTX/Volkswagen_ID7_Tourer_GTX-01-thumb.jpg
ID.7 Tourer Pro,https://ev-database.org//img/auto/Volkswagen_ID7_Tourer/Volkswagen_ID7_Tourer-01-thumb.jpg
ID.7 Tourer Pro S,https://ev-database.org//img/auto/Volkswagen_ID7_Tourer/Volkswagen_ID7_Tourer-01-thumb.jpg
ID.7 Pro,https://ev-database.org//img/auto/Volkswagen_ID7/Volkswagen_ID7-01-thumb.jpg
ID.7 Pro S,https://ev-database.org//img/auto/Volkswagen_ID7/Volkswagen_ID7-01-thumb.jpg
Free 106 kWh,https://ev-database.org//img/auto/Voyah_Free/Voyah_Free-01-thumb.jpg
G6 AWD Performance,https://ev-database.org//img/auto/XPENG_G6/XPENG_G6-01-thumb.jpg
G6 RWD Long Range,https://ev-database.org//img/auto/XPENG_G6/XPENG_G6-01-thumb.jpg
G6 RWD Standard Range,https://ev-database.org//img/auto/XPENG_G6/XPENG_G6-01-thumb.jpg
G9 AWD Performance,https://ev-database.org//img/auto/XPENG_G9/XPENG_G9-01-thumb.jpg
G9 RWD Long Range,https://ev-database.org//img/auto/XPENG_G9/XPENG_G9-01-thumb.jpg
G9 RWD Standard Range,https://ev-database.org//img/auto/XPENG_G9/XPENG_G9-01-thumb.jpg
P7 AWD Performance,https://ev-database.org//img/auto/XPENG_P7/XPENG_P7-01-thumb.jpg
P7 RWD Long Range,https://ev-database.org//img/auto/XPENG_P7/XPENG_P7-01-thumb.jpg
P7 Wing Edition,https://ev-database.org//img/auto/XPENG_P7/XPENG_P7-01-thumb.jpg
001 Long Range RWD,https://ev-database.org//img/auto/Zeekr_001_2023/Zeekr_001_2023-01-thumb.jpg
001 Performance AWD,https://ev-database.org//img/auto/Zeekr_001_2023/Zeekr_001_2023-01-thumb.jpg
001 Privilege AWD,https://ev-database.org//img/auto/Zeekr_001_2023/Zeekr_001_2023-01-thumb.jpg
7X Long Range RWD,https://ev-database.org//img/auto/Zeekr_7X_2024/Zeekr_7X_2024-01-thumb.jpg
7X Performance AWD,https://ev-database.org//img/auto/Zeekr_7X_2024/Zeekr_7X_2024-01-thumb.jpg
7X Premium RWD,https://ev-database.org//img/auto/Zeekr_7X_2024/Zeekr_7X_2024-01-thumb.jpg